CHROM,POS,REF,ALT,gatk,deepvariant,strelka2,freebayes
chr22,10854437,CCT,C,1/1,1/1,./.,./.
chr22,10854440,GGTGC,G,1/1,1/1,./.,./.
chr22,10854444,C,G,./.,./.,1/1,./.
chr22,11781670,C,T,./.,./.,1/1,1/1
chr22,13461472,T,TTG,./.,./.,./.,1/1
chr22,14555687,A,AAGG,./.,./.,./.,1/1
chr22,14880243,T,TATTATGATCGG,./.,./.,./.,1/1
chr22,16045731,T,TGTGTAAGAGTGAGTGGACTCTA,./.,./.,./.,1/1
chr22,17246210,T,TC,1/1,1/1,1/1,./.
chr22,17246212,A,G,1/1,1/1,1/1,./.
chr22,17246212,ATGCAC,CGTG,./.,./.,./.,1/1
chr22,18165501,C,T,./.,./.,1/1,./.
chr22,18220924,GA,G,1/1,./.,1/1,./.
chr22,18771742,A,T,1/1,./.,./.,./.
chr22,19245206,T,C,./.,./.,./.,1/1
chr22,19245206,T,TC,./.,./.,./.,1/1
chr22,19967636,A,ATAGAG,./.,./.,./.,1/1
chr22,21252444,AGCTAC,A,1/1,1/1,1/1,1/1
chr22,21368851,AAG,A,./.,1/1,./.,./.
chr22,21989173,C,CATTGCG,./.,./.,./.,1/1
chr22,22528239,C,CATACAGA,./.,./.,./.,1/1
chr22,23446913,G,GGCCC,./.,./.,./.,1/1
chr22,24202376,C,CAGAATGA,./.,./.,./.,1/1
chr22,24403814,G,GC,./.,./.,1/1,./.
chr22,26177379,AC,A,./.,./.,1/1,./.
chr22,27116232,T,TTCGTATTGTAG,./.,./.,./.,1/1
chr22,29132116,CCCGCCT,C,1/1,1/1,1/1,./.
chr22,29132117,CCGCCTTTT,TTC,./.,./.,./.,1/1
chr22,29132125,T,C,1/1,1/1,1/1,./.
chr22,30440458,A,AGATTTAGACTCAG,./.,./.,./.,1/1
chr22,31653367,C,CATGACGAATGTCGAGGGCTAG,./.,./.,./.,1/1
chr22,32504112,A,AAGGCGCGCCTAACCACAG,./.,./.,./.,1/1
chr22,34033744,T,TTCACGCGGGTATTAC,./.,./.,./.,1/1
chr22,34399927,A,AAGCCAACGGTGC,./.,./.,./.,1/1
chr22,35229884,G,GGGCTACCGGGA,./.,./.,./.,1/1
chr22,35264429,T,TTAG,./.,./.,./.,1/1
chr22,35663055,T,TAGTCCCAACTATACTGTA,./.,./.,./.,1/1
chr22,36193365,T,TCCTTACTTCGGGTGTAACGTGTTACGTG,./.,./.,./.,1/1
chr22,37402574,A,AGCAATTG,./.,./.,./.,1/1
chr22,38407387,AA,C,./.,./.,./.,1/1
chr22,38407388,A,C,1/1,1/1,1/1,./.
chr22,39482891,G,GGATGATA,./.,./.,./.,1/1
chr22,41145611,A,AATATCCTCGC,./.,./.,./.,1/1
chr22,42451111,T,TTCTTGTGTA,./.,./.,./.,1/1
chr22,42551843,G,GAGATT,./.,./.,./.,1/1
chr22,44025187,GG,A,./.,./.,./.,1/1
chr22,44025188,G,A,1/1,1/1,1/1,./.
chr22,44047612,A,AATGTCCAATAGGGAT,./.,./.,./.,1/1
chr22,44740493,T,TGTTCTTCTTTGCCCAAAGATTGTGGG,./.,./.,./.,1/1
chr22,46011861,C,CCTATTACACGGCGTGAAGCAATTAAG,./.,./.,./.,1/1
chr22,47668812,T,TATGACCCTA,./.,./.,./.,1/1
chr22,47911816,A,AAGGTCTACC,./.,./.,./.,1/1
chr22,48224067,TGCGAGAGTG,T,1/1,./.,1/1,./.
chr22,48224067,TGCG,T,./.,1/1,./.,./.
chr22,48224068,GCGAGAGTGA,AT,./.,./.,./.,1/1
chr22,48224071,AGAG,A,./.,1/1,./.,./.
chr22,48224075,TGA,T,./.,1/1,./.,./.
chr22,48395730,C,CACTCTAACGCGTATGTA,./.,./.,./.,1/1
chr22,49366854,ACACAC,A,./.,./.,./.,1/1
chr22,49366858,AC,A,./.,./.,./.,1/1
chr22,49494316,A,AGTGGAAGGGCTGGGCAGGGGTGTCCGGGGCAGT,./.,1/1,./.,./.
chr22,50791857,C,CAGCTTCGGAGGTGA,./.,./.,./.,1/1
